[
    {"en":
        {
            "campus1":
            {
                "d": [[ 47.04216867,   0.73493976,   7.47590361],
                              [  0.43363636, 123.35636364,   5.90545455],
                              [ 22.90361446,  34.5060241,    3.14457831]],
                "pi":
                [
                  [0.64, 0.02, 0.84],
                  [0.02, 0.65, 0.84],
                  [0.67, 0.67, 0.86]
                ],
                "v": [1,1,1],
                "p": [0.0064, 0.0064, 0.0064],
                "n": [332, 550, 83],
                "budget": 30,
                "groupsizes": [1, 3, 5, 10],
                "buckets": [1,1,1,1],
                "stepsize": 1,
                "guaranteed": [0, 0, 0],
                "categories": [
                {"name": "Undergraduate", "size": 332},
                {"name": "Highschool", "size": 550},
                {"name": "Teacher", "size": 83}
                ],
                "population": 965,
                "file": "data/campus1.csv",
                "label": "EAAMO-1",
                "no_solutions": 22473              
            },
            "campus2":
            {
                "d": [
                 [
                  19.942953406669357,
                  4.071178655762253,
                  15.507066031215805,
                  13.507066031215805
                 ],
                 [
                  34.649398625429555,
                  5.138144329896908,
                  22.393771477663233,
                  18.393771477663233
                 ],
                 [
                  31.296176016049454,
                  4.6046614928295804,
                  15.450418754439518,
                  14.450418754439518
                 ],
                 [
                  32.296176016049454,
                  3.5046614928295804,
                  13.450418754439518,
                  12.450418754439518
                 ]
                ],
                "pi": [
                 [
                  0.86209235993052,
                  0.9180577097738683,
                  0.85209235993052,
                  0.2482319700152439
                 ],
                 [
                  0.8538185447617495,
                  0.9988123140806438,
                  0.7838185447617495,
                  0.1705036823815335
                 ],
                 [
                  0.89209235993052,
                  0.9180577097738683,
                  0.68209235993052,
                  0.0682319700152439
                 ],
                 [
                  0.98209235993052,
                  0.8580577097738683,
                  0.67209235993052,
                  0.542319700152439
                 ]
                ],
                "v": [
                 1.0,
                 1.0,
                 1.0,
                 1.0
                ],
                "p": [
                 0.01,
                 0.01,
                 0.01,
                 0.01
                ],
                "n": [
                 118,
                 11,
                 91,
                 7
                ],
                "budget": 10,
                "groupsizes": [
                 1,
                 3,
                 5,
                 10
                ],
                "buckets": [
                 32,
                 16,
                 8,
                 4,
                 2
                ],
                "stepsize": 1,
                "guaranteed": [
                 0,
                 0,
                 0,
                 0
                ],
                "categories": [
                    {"name": "Undergraduate", "size": 118},
                    {"name": "Teacher", "size": 11},
                    {"name": "Graduate", "size": 91},
                    {"name": "Staff", "size": 7}
                    ],
                    "file": "data/campus2.csv",
                    "label": "EAAMO-2",
                    "no_solutions": 10067,
                    "population": 227
            },             
            "campus3":
            {
                "d": [
                 [
                  26.15,
                  2.43
                 ],
                 [
                  26.2,
                  4.18
                 ]
                ],
                "pi": [
                 [
                  0.86209235993052,
                  0.9380577097738683
                 ],
                 [
                  0.8538185447617495,
                  0.9288123140806438
                 ]
                ],
                "v": [
                 1.0,
                 1.0
                ],
                "p": [
                 0.01,
                 0.01
                ],
                "n": [
                 2895,
                 3691
                ],
                "budget": 643,
                "groupsizes": [
                 1,
                 3,
                 5,
                 10
                ],
                "buckets": [
                 8,
                 4,
                 2,
                 2
                ],
                "stepsize": 34,
                "guaranteed": [
                 0,
                 0
                ],
                "categories": [
                    {"name": "Student", "size": 2895},
                    {"name": "Teacher", "size": 3691}
                    ],
                    "population": 6586,
                    "file": "data/campus3.csv",
                    "label": "EAAMO-3",
                    "no_solutions": 223
            }
        }
}]